index,bulk_labels
AAAGCCTGGCTAAC-1,CD14+ Monocyte
AAATTCGATGCACA-1,Dendritic
AACACGTGGTCTTT-1,CD56+ NK
AAGTGCACGTGCTA-1,CD4+/CD25 T Reg
ACACGAACGGAGTG-1,Dendritic
ACAGTTCTTAGCCA-1,CD19+ B
ACATTCTGACTACG-1,Dendritic
ACCCTCGAGTGAGG-1,Dendritic
ACTGGCCTTTTCGT-1,CD8+ Cytotoxic T
ACTTGGGAACCAGT-1,CD14+ Monocyte
AGAAAGTGTGAACC-1,CD8+ Cytotoxic T
AGATATTGACCACA-1,CD4+/CD45RO+ Memory
AGTAAGGATTTACC-1,CD19+ B
AGTTAAACAAACAG-1,CD19+ B
ATAACAACCTCTAT-1,CD14+ Monocyte
ATGGACACAAGTGA-1,CD19+ B
ATGGACACTCGTTT-1,Dendritic
ATGGGTACCTGGTA-1,CD8+/CD45RA+ Naive Cytotoxic
ATGTAAACTTTCGT-1,CD4+/CD25 T Reg
ATTAACGATACGAC-1,CD14+ Monocyte
ATTAGATGGGGAGT-1,Dendritic
ATTCCAACCCCAAA-1,CD14+ Monocyte
CAAATTGACGTGAT-1,Dendritic
CACCGTACGCTGTA-1,Dendritic
CACTATACGCGATT-1,CD8+/CD45RA+ Naive Cytotoxic
CACTTAACCAAAGA-1,Dendritic
CAGATGACATGTCG-1,CD4+/CD25 T Reg
CAGGAACTACCACA-1,CD14+ Monocyte
CATCCCGATCTCAT-1,Dendritic
CATCCCGATCTGGA-1,Dendritic
CATCTCCTAGCGTT-1,CD4+/CD45RA+/CD25- Naive T
CCAAGAACATGCCA-1,Dendritic
CCAGAAACGTTGAC-1,CD14+ Monocyte
CCCTACGACCAACA-1,CD8+ Cytotoxic T
CGAAGACTTATTCC-1,Dendritic
CGGACCGATTTCGT-1,CD8+/CD45RA+ Naive Cytotoxic
CGTTATACACGGAG-1,CD8+ Cytotoxic T
CTACGCACGAGGGT-1,CD4+/CD25 T Reg
CTAGGTGATACGAC-1,CD8+/CD45RA+ Naive Cytotoxic
CTATCCCTCAGAGG-1,Dendritic
CTCAGCACGCTTCC-1,CD19+ B
CTTAGACTTATTCC-1,CD19+ B
GAAGAATGATTCGG-1,CD8+/CD45RA+ Naive Cytotoxic
GAAGGTCTCCCTAC-1,CD19+ B
GACCTCTGAGTGCT-1,Dendritic
GACGAACTAACCAC-1,CD14+ Monocyte
GACGTCCTAAGGCG-1,CD56+ NK
GAGCATACGAGAGC-1,CD19+ B
GAGCGCACAGAGGC-1,CD8+ Cytotoxic T
GAGGATCTGGAGGT-1,CD14+ Monocyte
GAGGGTGACCTATT-1,CD4+/CD25 T Reg
GATTGGACATCAGC-1,CD14+ Monocyte
GCAACCCTACGTAC-1,Dendritic
GCAATTCTGACGAG-1,Dendritic
GCACCACTCTGTGA-1,CD14+ Monocyte
GCACGGACTTTGCT-1,CD19+ B
GCAGCTCTGCAGTT-1,Dendritic
GCAGGGCTGGATTC-1,Dendritic
GCCGACGACCTTCG-1,CD8+/CD45RA+ Naive Cytotoxic
GCCGGAACCTGACA-1,CD14+ Monocyte
GCGCACGATGCTGA-1,Dendritic
GCTTAACTTCCAGA-1,Dendritic
GGAATCTGCGACTA-1,Dendritic
GGACGCACATCGTG-1,CD19+ B
GGATTTCTTGGAGG-1,CD14+ Monocyte
GGCGGACTCCATAG-1,CD4+/CD25 T Reg
GGTACTGAACCCAA-1,Dendritic
GGTATCGACTCGAA-1,Dendritic
GTAAGCACCGTAGT-1,CD19+ B
GTCCCATGTTCGTT-1,Dendritic
GTGACCCTTAGAAG-1,Dendritic
GTGGTAACACGACT-1,CD14+ Monocyte
GTTCATACGAACTC-1,CD8+/CD45RA+ Naive Cytotoxic
TAAACAACTACTTC-1,CD56+ NK
TAACATGACTTGAG-1,Dendritic
TAAGAACTGCTCCT-1,Dendritic
TAAGAGGAACTGGT-1,Dendritic
TACAATGATTAGGC-1,CD8+ Cytotoxic T
TACCGCTGTCTTAC-1,Dendritic
TACTCTGACGTAGT-1,Dendritic
TAGAAACTTAGAAG-1,CD4+/CD25 T Reg
TAGGTTCTGTACCA-1,Dendritic
TAGTTCACAAGGCG-1,Dendritic
TATGGTCTGGCAAG-1,Dendritic
TCACCCGACGTTAG-1,CD8+ Cytotoxic T
TCAGCGCTCGTCTC-1,CD4+/CD25 T Reg
TCGTAGGACCCTTG-1,CD14+ Monocyte
TCTAAGCTGGGTGA-1,CD56+ NK
TCTCAAACGCCATA-1,CD19+ B
TCTCCACTGGGAGT-1,CD8+/CD45RA+ Naive Cytotoxic
TCTGATACTGCACA-1,Dendritic
TGAGCTGAGTAGGG-1,CD8+ Cytotoxic T
TGTTAAGAAGCGGA-1,CD19+ B
TTATGAGAGCTTCC-1,Dendritic
TTCACAACAGCCTA-1,CD14+ Monocyte
AAACGGCTAGCAAA-2,CD14+ Monocyte
AACACTCTTCCCGT-2,CD19+ B
AAGGTGCTGTTGGT-2,CD4+/CD25 T Reg
AAGTAACTACGCAT-2,CD19+ B
AATCCTTGCCTTCG-2,Dendritic
AATCTCACTGATGC-2,CD8+ Cytotoxic T
AATGGAGATGCTCC-2,CD8+/CD45RA+ Naive Cytotoxic
ACACGATGTCCGTC-2,CD14+ Monocyte
ACCAGCCTCTCTAT-2,Dendritic
ACGACAACAGCTCA-2,Dendritic
ACGGAACTGTAGCT-2,CD19+ B
ACTCGAGAAGCATC-2,CD56+ NK
AGAAGATGCTTCTA-2,Dendritic
AGACACACATTCGG-2,CD56+ NK
AGCAAGCTCATCAG-2,CD14+ Monocyte
AGCGGCACCGTACA-2,CD14+ Monocyte
AGCTTTACGCATAC-2,CD19+ B
AGGACTTGTTTCTG-2,CD14+ Monocyte
AGTACGTGAACCTG-2,Dendritic
ATAACATGACACGT-2,Dendritic
ATAGAACTTTACCT-2,CD14+ Monocyte
ATGAAGGATGCAGT-2,Dendritic
ATTGAATGCTCGCT-2,Dendritic
ATTGCACTTCAGTG-2,CD8+/CD45RA+ Naive Cytotoxic
ATTGTAGATCACGA-2,CD19+ B
ATTTCGTGGACTAC-2,CD8+ Cytotoxic T
CAAGACTGATGCCA-2,CD4+/CD25 T Reg
CAAGCCCTCGAATC-2,CD56+ NK
CACAGTGACTACTT-2,Dendritic
CAGATGACGAGGTG-2,CD14+ Monocyte
CATGGATGTACTCT-2,Dendritic
CATTGACTATGTGC-2,CD8+/CD45RA+ Naive Cytotoxic
CATTGGGACTTGGA-2,CD4+/CD25 T Reg
CCAATGGAACTGTG-2,Dendritic
CCAGTCACCGGAGA-2,CD8+ Cytotoxic T
CGAGGCACCCACCT-2,CD14+ Monocyte
CGGATAACGGTGGA-2,CD4+/CD25 T Reg
CGTCCAACGAGGGT-2,CD8+ Cytotoxic T
CTAGGATGACGACT-2,Dendritic
CTCCATCTAGCCAT-2,Dendritic
CTGAATCTAGGTTC-2,CD8+/CD45RA+ Naive Cytotoxic
CTGATACTTCGACA-2,CD4+/CD25 T Reg
CTTAAAGATCTCAT-2,CD8+/CD45RA+ Naive Cytotoxic
GACTTTACAGGTTC-2,CD34+
GATTGGTGCCGTAA-2,CD34+
GCATGATGTTCTAC-2,Dendritic
GCGTACCTGAAGGC-2,CD8+ Cytotoxic T
GGAACTTGTTGTCT-2,CD14+ Monocyte
GGGATGGAATGCCA-2,CD8+/CD45RA+ Naive Cytotoxic
GGGCACACGGAGTG-2,Dendritic
GGGCAGCTTTCCGC-2,Dendritic
GGGCCATGGCTACA-2,CD14+ Monocyte
GTCACCTGCTATGG-2,CD14+ Monocyte
GTGATTCTGTTACG-2,CD14+ Monocyte
GTTACGGACCGAAT-2,CD34+
GTTACTACTTCCGC-2,CD4+/CD45RA+/CD25- Naive T
GTTAGTCTGGTGGA-2,CD19+ B
GTTGTACTCCCTAC-2,Dendritic
TAAGATTGAGATGA-2,CD4+/CD45RO+ Memory
TACGGAACAACAGA-2,CD19+ B
TACTAAGAAGCGGA-2,CD8+ Cytotoxic T
TAGATCCTGGGCAA-2,CD19+ B
TAGGAGCTCGAGTT-2,CD14+ Monocyte
TATAGATGAGCTCA-2,Dendritic
TATCTTCTGCTAAC-2,Dendritic
TCATTGACACTTTC-2,CD14+ Monocyte
TCCCGAACTCAGTG-2,CD14+ Monocyte
TGAGGTACGAGATA-2,Dendritic
TGGAAAGATGGCAT-2,CD8+/CD45RA+ Naive Cytotoxic
TTATGCACGCTTAG-2,CD14+ Monocyte
TTATGCACTGCAGT-2,CD4+/CD25 T Reg
TTATGGCTGGCAAG-2,CD4+/CD25 T Reg
TTCTAGTGTGCTAG-2,Dendritic
TTGATCTGCTTAGG-2,CD19+ B
AACACTCTCCTGAA-3,CD19+ B
AACCACGACGTTGA-3,Dendritic
AACCAGTGGGTATC-3,CD19+ B
AACGCCCTGTTGGT-3,CD8+ Cytotoxic T
AACGTTCTATAAGG-3,Dendritic
AAGCCAACTACGCA-3,CD4+/CD25 T Reg
AAGTTCCTCCCACT-3,Dendritic
AATCTAGAGTTGCA-3,Dendritic
AATCTCACTCAGTG-3,CD4+/CD45RO+ Memory
ACAGTGTGTACTGG-3,CD4+/CD45RO+ Memory
ACCCAGCTACCTAG-3,Dendritic
ACGAACTGGGGATG-3,CD34+
ACGACCCTGTCTGA-3,Dendritic
ACGCTCACGTCTGA-3,CD8+ Cytotoxic T
ACTCGAGACGGTAT-3,Dendritic
AGAGTGCTCAGTTG-3,Dendritic
AGCCGGACGGTGGA-3,CD19+ B
AGCGATACTCGACA-3,Dendritic
AGCGGGCTCCTGAA-3,CD14+ Monocyte
AGGCAACTTGGTAC-3,Dendritic
AGGCTAACATAAGG-3,CD19+ B
AGTAATTGGCTTAG-3,CD56+ NK
ATGCAGACAAGGCG-3,CD4+/CD25 T Reg
ATTGAATGGAGGTG-3,CD4+/CD25 T Reg
ATTTCCGACATGAC-3,CD8+ Cytotoxic T
CACAGCCTACGCTA-3,Dendritic
CACCGGGAGATAAG-3,Dendritic
CAGAGGGAAACGTC-3,CD14+ Monocyte
CATACTACTGTCGA-3,Dendritic
CCTACCGACCTGTC-3,Dendritic
CCTAGAGATGTCCC-3,CD4+/CD45RO+ Memory
CCTCGAACGTAAGA-3,CD8+ Cytotoxic T
CGACCGGACACTCC-3,CD14+ Monocyte
CGAGAACTAGCACT-3,CD8+ Cytotoxic T
CGAGGCACCCAACA-3,CD14+ Monocyte
CGAGGGCTATCGTG-3,Dendritic
CGATACGATATCGG-3,CD56+ NK
CGATCCACACCATG-3,CD19+ B
CGGACCGAATGCCA-3,CD4+/CD45RO+ Memory
CGTAACGAGATACC-3,CD19+ B
CTACGCACAGGGTG-3,CD4+/CD45RO+ Memory
CTAGATCTATCGGT-3,CD8+/CD45RA+ Naive Cytotoxic
CTAGGTGACCGCTT-3,CD4+/CD25 T Reg
CTATAGCTGTTCGA-3,CD8+ Cytotoxic T
CTATTGACACACCA-3,CD19+ B
CTTTGATGGTCGTA-3,Dendritic
GAAAGATGCCACAA-3,CD4+/CD25 T Reg
GACAACACGGTTTG-3,CD4+/CD25 T Reg
GACCATGACTAAGC-3,CD14+ Monocyte
GACGTCCTGGAGCA-3,CD8+/CD45RA+ Naive Cytotoxic
GAGCATACTGTCAG-3,CD14+ Monocyte
GATAATACTCCAGA-3,Dendritic
GATCTACTTTATCC-3,CD14+ Monocyte
GATCTTTGCGTTGA-3,Dendritic
GATTTAGAGCCCTT-3,Dendritic
GCACCTACATTCGG-3,Dendritic
GCATCAGAAGGTCT-3,CD19+ B
GCATCAGATCTACT-3,Dendritic
GCCAACCTGTAGGG-3,Dendritic
GGACGCACGTTTGG-3,Dendritic
GGAGACGATCAGTG-3,Dendritic
GGCCGATGCGCTAA-3,CD19+ B
GGGAAGTGCAGGAG-3,CD8+/CD45RA+ Naive Cytotoxic
GGGCAAGAAGGCGA-3,CD8+/CD45RA+ Naive Cytotoxic
GTAGCCCTGGATTC-3,CD14+ Monocyte
GTCATACTCTGCTC-3,CD19+ B
GTCCAAGAACCTGA-3,Dendritic
GTGGATTGCTGTAG-3,Dendritic
GTTATGCTACCTCC-3,CD14+ Monocyte
GTTATGCTATCACG-3,CD8+/CD45RA+ Naive Cytotoxic
GTTATGCTGTTCAG-3,CD8+/CD45RA+ Naive Cytotoxic
GTTCAACTCTGGAT-3,CD14+ Monocyte
GTTCATACCTACCC-3,Dendritic
GTTGGATGTTTGTC-3,CD8+ Cytotoxic T
TAAAGTTGGAAACA-3,CD14+ Monocyte
TAAGTAACAACTGC-3,CD19+ B
TAATCCACGGGTGA-3,CD8+ Cytotoxic T
TACGAGTGTATTCC-3,Dendritic
TACGCGCTTCCTAT-3,CD14+ Monocyte
TACGTTACCTCAAG-3,CD56+ NK
TAGGTTCTGACACT-3,Dendritic
TCAACACTTTCTTG-3,CD14+ Monocyte
TCAATAGATCTCGC-3,CD8+ Cytotoxic T
TCATCCCTCGAACT-3,CD56+ NK
TCCGGACTATTCTC-3,CD19+ B
TCCGGACTCTACCC-3,CD4+/CD45RA+/CD25- Naive T
TCGCAGCTGTATGC-3,Dendritic
TCGGACCTTCAAGC-3,CD56+ NK
TGAACCGAGCAGTT-3,Dendritic
TGACCAGACCATAG-3,CD14+ Monocyte
TGACGAACTCCAGA-3,CD4+/CD25 T Reg
TGATCGGAGGTCAT-3,Dendritic
TGCAACGAATTGGC-3,CD19+ B
TGCACAGAGGATTC-3,CD19+ B
TGCGTAGACTGTGA-3,CD4+/CD25 T Reg
TGGATGACATGTGC-3,CD4+/CD25 T Reg
TGTAATGAACTTTC-3,CD4+/CD25 T Reg
TGTAATGACTTGTT-3,CD14+ Monocyte
TTAGTCTGCTACTT-3,Dendritic
TTCAGTACTGCAGT-3,Dendritic
AACACTCTTGAAGA-4,CD19+ B
AAGATGGAGTGTTG-4,CD19+ B
AAGTCCGACCACCT-4,CD14+ Monocyte
AATCTCACGTTGGT-4,CD56+ NK
AATCTCACTAAGCC-4,CD19+ B
AATGAGGATGGTTG-4,CD34+
AATTCCTGCCTCCA-4,Dendritic
ACCCGTACCTCGAA-4,Dendritic
ACGGATTGGCTGAT-4,CD14+ Monocyte
ACGTCGCTCGTTGA-4,CD8+/CD45RA+ Naive Cytotoxic
ACGTGCCTTGACTG-4,Dendritic
ACGTTTACTGCTAG-4,CD8+/CD45RA+ Naive Cytotoxic
ACTAAAACGGAAAT-4,Dendritic
AGACCTGAGACGTT-4,Dendritic
AGCCTCACCCTTGC-4,CD4+/CD25 T Reg
AGTTCTACTTCCGC-4,Dendritic
AGTTGTCTGGTTAC-4,Dendritic
ATACCGGATCCGAA-4,CD56+ NK
ATAGTCCTTATCGG-4,CD14+ Monocyte
ATGAGAGAATCTCT-4,CD56+ NK
ATGCGCCTTCCGTC-4,CD8+ Cytotoxic T
CAAGGTTGGAGGCA-4,Dendritic
CACCGTACCTGATG-4,CD14+ Monocyte
CATAAATGTGACCA-4,Dendritic
CATATAGATGGTTG-4,Dendritic
CATCCCGACGGGAA-4,CD19+ B
CATCGGCTGCATCA-4,Dendritic
CCGAAAACACTAGC-4,CD4+/CD45RA+/CD25- Naive T
CCTAGAGATACAGC-4,CD56+ NK
CGACCTACTTCAGG-4,CD4+/CD45RO+ Memory
CGCTAAGAACGACT-4,Dendritic
CGGCACGAAGCTCA-4,CD8+ Cytotoxic T
CTACAACTCTCTTA-4,CD19+ B
CTAGTTTGGCTTAG-4,CD4+/CD45RO+ Memory
CTGACCACCATGGT-4,CD8+/CD45RA+ Naive Cytotoxic
CTGAGAACTGGATC-4,CD8+/CD45RA+ Naive Cytotoxic
CTGCAGCTGTACGT-4,CD14+ Monocyte
CTTACAACGTGAGG-4,CD4+/CD25 T Reg
CTTCACCTGTCTAG-4,CD19+ B
GAAGTCACTGTCGA-4,Dendritic
GACGTCCTATCGTG-4,Dendritic
GAGATAGAGCTGAT-4,CD8+/CD45RA+ Naive Cytotoxic
GATCGAACCACCAA-4,CD8+ Cytotoxic T
GATGACACCAGATC-4,CD4+/CD45RA+/CD25- Naive T
GCAGTTGACCTATT-4,Dendritic
GCCCAGGATACGCA-4,CD19+ B
GCCTGACTAGCATC-4,CD56+ NK
GCGAAGGAAAGGGC-4,Dendritic
GGAAGGACGCGAAG-4,CD14+ Monocyte
GGAATGCTTCAGTG-4,Dendritic
GGACTATGCTCTAT-4,CD8+/CD45RA+ Naive Cytotoxic
GGAGTTTGTCAGAC-4,CD14+ Monocyte
GGGATTACGTTGGT-4,CD19+ B
GTACGTGAGGTAAA-4,CD14+ Monocyte
GTAGCTGATTCCAT-4,CD14+ Monocyte
GTGACCCTAGCTCA-4,CD14+ Monocyte
GTGATGACTGGGAG-4,CD4+/CD25 T Reg
GTTCAGGAACCAGT-4,Dendritic
GTTCAGGACTCTCG-4,CD4+/CD25 T Reg
TAAGCTCTTCTGGA-4,CD14+ Monocyte
TAAGTAACAAACGA-4,Dendritic
TAATCCACTCCTCG-4,CD4+/CD25 T Reg
TAATCGCTCATTCT-4,CD14+ Monocyte
TACATCACGTCGTA-4,Dendritic
TACGCGCTCGCTAA-4,CD4+/CD25 T Reg
TACTCTGACGTTGA-4,CD4+/CD25 T Reg
TAGAAACTTTATCC-4,Dendritic
TAGAGCACCCTCAC-4,CD14+ Monocyte
TAGCATCTCCGAAT-4,Dendritic
TATCACTGGCTACA-4,CD19+ B
TCCATAACTCTTAC-4,CD19+ B
TCTAACACAACCGT-4,CD14+ Monocyte
TCTAACTGGCTATG-4,Dendritic
TGAGCAACTCGTTT-4,Dendritic
TGCAAGTGCTGTCC-4,CD56+ NK
TGGATCGAACCATG-4,CD14+ Monocyte
TTATGCACAATCGC-4,CD8+ Cytotoxic T
TTCCTAGACAGAGG-4,Dendritic
TTCGTATGCTATGG-4,CD14+ Monocyte
TTCTACGACAGAGG-4,CD4+/CD25 T Reg
TTTCAGTGTCACGA-4,CD14+ Monocyte
AAATTCGAAGTCTG-5,CD19+ B
AACACTCTCCGTAA-5,CD14+ Monocyte
AACCGCCTTATCTC-5,Dendritic
AACCTACTCGGGAA-5,CD19+ B
AACGCCCTTGTAGC-5,CD19+ B
AACGGTACCCAAGT-5,Dendritic
AACGTCGAACGTGT-5,Dendritic
AACTCACTGGGTGA-5,Dendritic
AAGTCTCTCCTCGT-5,CD14+ Monocyte
AATACCCTATTCGG-5,CD14+ Monocyte
AATACTGACGTGAT-5,CD4+/CD45RO+ Memory
AATATCGAAAGGCG-5,CD8+ Cytotoxic T
AATCCTACCTGACA-5,Dendritic
ACCTTTGAGGATTC-5,CD8+ Cytotoxic T
ACGCACCTCCTCAC-5,Dendritic
ACTCCTCTCGTGTA-5,Dendritic
ACTTAAGACTACCC-5,CD8+ Cytotoxic T
AGACACTGTGGTGT-5,CD4+/CD25 T Reg
AGATCGTGCCCGTT-5,CD19+ B
AGCTGTGAAGCAAA-5,Dendritic
AGTAGGCTGATAGA-5,CD14+ Monocyte
AGTCCAGAGCCATA-5,CD14+ Monocyte
ATACGTCTGAGACG-5,Dendritic
ATAGCCGACATTCT-5,CD34+
ATAGTTGATGAGGG-5,CD19+ B
ATCTTGACTGTGGT-5,CD34+
ATGACGTGCTAGTG-5,Dendritic
ATGGTGACCTTGCC-5,CD14+ Monocyte
ATTACCTGGACACT-5,Dendritic
ATTCGGGATAACGC-5,Dendritic
ATTGATGACAGAGG-5,CD14+ Monocyte
CAAGGACTAAGGTA-5,CD14+ Monocyte
CACAGTGACTTCGC-5,Dendritic
CACTTTGAAGGTTC-5,Dendritic
CACTTTGACTCAAG-5,CD8+ Cytotoxic T
CCAACCTGGGGACA-5,CD4+/CD45RO+ Memory
CCACGGGAAAGGGC-5,Dendritic
CCATATACCTCTTA-5,CD4+/CD45RO+ Memory
CCCAACACAGAATG-5,Dendritic
CCCAGTTGGTGTTG-5,Dendritic
CCCATGTGACTTTC-5,Dendritic
CCCTCAGACACCAA-5,CD56+ NK
CGCTACTGTCTTTG-5,Dendritic
CTAAACCTCACTCC-5,CD19+ B
CTAATGCTTCTAGG-5,Dendritic
CTACTATGGGCGAA-5,CD56+ NK
CTATCAACCCTCCA-5,CD19+ B
CTGCAGCTTTCGGA-5,Dendritic
CTTACATGTTCACT-5,Dendritic
CTTTAGTGCTCTTA-5,CD8+ Cytotoxic T
GAACAGCTTTCCGC-5,Dendritic
GACGTAACCCTTAT-5,CD14+ Monocyte
GAGAGGTGGATACC-5,CD8+ Cytotoxic T
GAGGGTGAGGGTGA-5,CD14+ Monocyte
GATAAGGATGTCAG-5,Dendritic
GATAGCACTGACAC-5,CD8+/CD45RA+ Naive Cytotoxic
GATCATCTTTATCC-5,Dendritic
GATGCATGATCTCT-5,CD8+ Cytotoxic T
GCAAACTGCATCAG-5,CD8+/CD45RA+ Naive Cytotoxic
GCAGTCCTGCAGTT-5,Dendritic
GCTCCATGGGGCAA-5,CD8+ Cytotoxic T
GGACATTGCGTACA-5,Dendritic
GGATAGCTTTCTTG-5,CD14+ Monocyte
GGCTAAACTCTTTG-5,CD4+/CD45RO+ Memory
GTGTAGTGGAATAG-5,Dendritic
TAAGATTGTCCTCG-5,Dendritic
TAAGCTCTCTAGAC-5,Dendritic
TAGACGTGTCCTAT-5,CD19+ B
TAGAGAGATCGTGA-5,Dendritic
TATCAGCTATGTCG-5,CD14+ Monocyte
TATGCGGACTTGAG-5,CD14+ Monocyte
TATGTCTGTTCCCG-5,CD34+
TCAATCACGGACTT-5,CD8+ Cytotoxic T
TCACCTCTTCTAGG-5,CD19+ B
TCCTAAACACACCA-5,Dendritic
TCGCACACATGACC-5,CD4+/CD25 T Reg
TCGGCACTGTTGAC-5,Dendritic
TCTAACTGTACAGC-5,CD19+ B
TGACTTACGCGATT-5,Dendritic
TGGACCCTCAGCTA-5,CD56+ NK
TGTATGCTACGCTA-5,Dendritic
TGTGACGAGGTTCA-5,Dendritic
TGTGAGTGTGTCTT-5,CD19+ B
TGTGGATGCTCTAT-5,Dendritic
TTACAGCTTGGAGG-5,CD14+ Monocyte
TTCACCCTGCTTCC-5,CD8+/CD45RA+ Naive Cytotoxic
AAATCATGTTGGTG-6,Dendritic
AACAGCACGCTGTA-6,Dendritic
AACCGATGCGTACA-6,CD19+ B
AAGAACGAACTCTT-6,CD14+ Monocyte
AAGCGACTCCCTTG-6,Dendritic
AATAAGCTTGGTGT-6,CD4+/CD25 T Reg
ACAAAGGAGCAAGG-6,CD4+/CD25 T Reg
ACAAGAGACCTTGC-6,CD8+ Cytotoxic T
ACGCCGGAAGCCTA-6,CD8+/CD45RA+ Naive Cytotoxic
AGACCTGATACTTC-6,CD14+ Monocyte
AGATATACAGTTCG-6,CD14+ Monocyte
AGCGGCACCTGTGA-6,CD8+ Cytotoxic T
AGGCAACTGAGCAG-6,CD14+ Monocyte
ATCGCGCTCACACA-6,Dendritic
ATGTCGGAGTCGAT-6,Dendritic
ATGTTCACGTACGT-6,CD14+ Monocyte
ATTCGGGAAGCATC-6,CD14+ Monocyte
ATTCTTCTGTCATG-6,CD14+ Monocyte
ATTGAAACAGATCC-6,CD14+ Monocyte
ATTGAAACCTCGAA-6,Dendritic
ATTTCTCTTGCACA-6,Dendritic
CAAATATGTGCATG-6,CD14+ Monocyte
CACACCTGTGGATC-6,CD8+ Cytotoxic T
CACAGATGCCGATA-6,CD14+ Monocyte
CACCCATGTGCGTA-6,Dendritic
CACCTGACATCGAC-6,Dendritic
CATCAGGATGCAGT-6,Dendritic
CATTAGCTGCCAAT-6,Dendritic
CCTCTACTGTTCTT-6,CD56+ NK
CGAGAACTTACTTC-6,Dendritic
CGCAGGACACTACG-6,CD4+/CD25 T Reg
CGCAGGTGACGTAC-6,CD8+/CD45RA+ Naive Cytotoxic
CGCTACTGGACAGG-6,Dendritic
CGGACTCTGATACC-6,Dendritic
CGGCATCTGGAGTG-6,CD4+/CD25 T Reg
CGGTACCTTGCTGA-6,CD4+/CD25 T Reg
CGTACCACAAGAAC-6,CD8+ Cytotoxic T
CGTGAATGACGACT-6,CD14+ Monocyte
CTACCTCTCCCTCA-6,CD19+ B
CTCGAAGATGTCCC-6,Dendritic
CTCGACTGAGTCAC-6,CD14+ Monocyte
CTTCATGACTGCAA-6,CD14+ Monocyte
CTTTAGTGGTTACG-6,CD19+ B
GAAACCTGTCGTGA-6,CD14+ Monocyte
GACCATGATACGCA-6,CD4+/CD25 T Reg
GACGGCACAGAACA-6,CD4+/CD25 T Reg
GATGCATGCTGCTC-6,Dendritic
GCACGGTGTCCTTA-6,Dendritic
GCAGCTCTGGGAGT-6,CD14+ Monocyte
GCATTGGAATGCCA-6,CD14+ Monocyte
GCCTACACTGGAGG-6,CD4+/CD25 T Reg
GCGCACGAAGCACT-6,Dendritic
GCGCATCTACCGAT-6,Dendritic
GCTCCATGGCAGAG-6,CD56+ NK
GCTCGACTTCAGTG-6,Dendritic
GGAAGGACTAAGCC-6,CD19+ B
GGCTAATGTAGAAG-6,CD4+/CD25 T Reg
GGCTACCTACGGGA-6,CD14+ Monocyte
GTAAGCACAAGAAC-6,CD19+ B
GTGTCAGATCTACT-6,CD14+ Monocyte
TAACTAGATGTCTT-6,CD8+ Cytotoxic T
TAACTCACGATAGA-6,CD14+ Monocyte
TAAGCTCTACCCTC-6,Dendritic
TATACAGAGGTATC-6,Dendritic
TATCTGACCGATAC-6,Dendritic
TATGGGACTCCTAT-6,Dendritic
TCACAACTGTGTCA-6,CD19+ B
TCAGTTACCCGATA-6,CD34+
TCCTATGACATGCA-6,Dendritic
TCGAATCTTTCTCA-6,CD8+/CD45RA+ Naive Cytotoxic
TCTAACACTCCTAT-6,CD14+ Monocyte
TGACTTACCTCTTA-6,CD14+ Monocyte
TGATAAACCAACTG-6,Dendritic
TGATTCTGACACCA-6,CD14+ Monocyte
TGGTTACTTGCATG-6,CD56+ NK
TGTAGGTGGGTCAT-6,CD19+ B
TGTCAGGATGGTGT-6,CD4+/CD25 T Reg
TGTGAGACTTTACC-6,Dendritic
TTATGAGATGTGAC-6,Dendritic
TTCCTAGAGACAGG-6,Dendritic
TTCGTATGCTCGCT-6,CD4+/CD25 T Reg
TTGAATGAATACCG-6,CD19+ B
TTGTAGCTCAAAGA-6,CD8+ Cytotoxic T
AAACGCACCTATGG-7,CD4+/CD45RO+ Memory
AACCACGAGGTTAC-7,CD19+ B
AACGGTACACCTCC-7,CD19+ B
AACTCTTGCATGGT-7,CD14+ Monocyte
AATAACACGAGCTT-7,CD14+ Monocyte
ACATCACTGACAAA-7,Dendritic
ACGCAATGCATGCA-7,CD8+ Cytotoxic T
ACGGAACTAGTCGT-7,CD14+ Monocyte
ACGTTTACAGAATG-7,Dendritic
ACTCAGGACGTGAT-7,CD19+ B
ACTGCCACTCTCCG-7,Dendritic
AGAAAGTGGTGCTA-7,CD19+ B
AGAGAATGTCACCC-7,CD8+ Cytotoxic T
AGCCTCACACGCAT-7,Dendritic
AGCCTCACCCTCGT-7,Dendritic
AGCCTCTGTGTCAG-7,Dendritic
AGCTCGCTCCAATG-7,Dendritic
AGCTGCCTCTACCC-7,CD8+ Cytotoxic T
AGGTTCGAATGCCA-7,CD34+
AGTGACTGTGTGGT-7,Dendritic
ATACCTACTGAACC-7,Dendritic
ATCTACACTCTCTA-7,CD14+ Monocyte
ATGAGAGATTCCAT-7,CD19+ B
ATGTTAGAAGCGGA-7,CD4+/CD25 T Reg
ATGTTGCTGGGCAA-7,CD14+ Monocyte
ATTACCACAGGTCT-7,CD19+ B
ATTCGGGAGTTCAG-7,CD8+/CD45RA+ Naive Cytotoxic
ATTGATGAAGGAGC-7,CD4+/CD45RA+/CD25- Naive T
CAACGATGCACTGA-7,Dendritic
CAAGACTGATTCTC-7,CD19+ B
CACGACCTGGGAGT-7,CD4+/CD25 T Reg
CAGAAGCTTAGTCG-7,CD14+ Monocyte
CAGACAACAAAACG-7,CD4+/CD25 T Reg
CAGTCAGAAAGGCG-7,CD14+ Monocyte
CAGTTTACCACAAC-7,CD14+ Monocyte
CATAAATGCGCCTT-7,CD14+ Monocyte
CATGCGCTAATCGC-7,Dendritic
CATGTTTGCTATTC-7,CD14+ Monocyte
CCAAGAACCTCTCG-7,CD4+/CD25 T Reg
CCCTTACTGTTAGC-7,Dendritic
CCGCGAGAGCTCCT-7,CD14+ Monocyte
CCGCTATGGCGGAA-7,Dendritic
CCGGAGTGTTCTGT-7,CD19+ B
CGAAGACTACCTTT-7,CD4+/CD25 T Reg
CGAGGAGATGTCCC-7,CD19+ B
CGAGGCTGGTAAAG-7,Dendritic
CGATCCACGAGATA-7,Dendritic
CGGCGATGCGGTAT-7,CD14+ Monocyte
CGTCAAGAGTACAC-7,CD8+/CD45RA+ Naive Cytotoxic
CTGAACGATCAGAC-7,CD14+ Monocyte
CTGAAGACATCTCT-7,CD19+ B
CTTAAAGATTGAGC-7,CD56+ NK
GAACGGGACCACAA-7,CD4+/CD25 T Reg
GAACTGTGAACTGC-7,CD34+
GAAGTCTGGTTTCT-7,Dendritic
GACAACTGCGGGAA-7,CD4+/CD25 T Reg
GACCAAACGTTGCA-7,CD19+ B
GACGAGGATGACAC-7,CD14+ Monocyte
GATTCTACGCTAAC-7,CD19+ B
GCACGGACTTGCAG-7,CD8+ Cytotoxic T
GCCTCAACGATAAG-7,Dendritic
GCGTAAACCACAAC-7,Dendritic
GGAGGATGATTCTC-7,CD14+ Monocyte
GGGACCACAGCAAA-7,CD4+/CD25 T Reg
GGGCACACTCCAAG-7,CD4+/CD25 T Reg
GTAATATGAGGTTC-7,CD8+/CD45RA+ Naive Cytotoxic
GTCTGAGAGTGTTG-7,Dendritic
GTGAACACAGGTTC-7,Dendritic
GTGGAGGATCTTCA-7,CD4+/CD25 T Reg
GTTAAATGTCAGGT-7,CD4+/CD45RO+ Memory
TAAGGGCTTATTCC-7,CD19+ B
TAATGAACATGACC-7,CD4+/CD25 T Reg
TAGTTAGAGCTATG-7,CD14+ Monocyte
TATGTGCTGTAGGG-7,CD14+ Monocyte
TCAATCACCATGCA-7,CD8+/CD45RA+ Naive Cytotoxic
TCAGAGACCAATCG-7,CD8+ Cytotoxic T
TGACCGCTGAACCT-7,CD19+ B
TGACGCCTACTTTC-7,CD8+/CD45RA+ Naive Cytotoxic
TGACTGGAACCATG-7,Dendritic
TGATTCACGGGATG-7,CD56+ NK
TGCAACGACTTGGA-7,Dendritic
TGCAAGACTTTCTG-7,CD8+/CD45RA+ Naive Cytotoxic
TGCCAAGATTGTGG-7,CD8+ Cytotoxic T
TGGATGACCTGCAA-7,CD4+/CD25 T Reg
TGGTATCTTATCTC-7,Dendritic
TGTTACTGCCGTAA-7,Dendritic
TTAGCTACCCTTCG-7,Dendritic
TTCCATGACGAATC-7,CD8+/CD45RA+ Naive Cytotoxic
TTCCTAGATCGATG-7,CD14+ Monocyte
TTTCTACTGGTCTA-7,Dendritic
TTTCTACTGTATGC-7,CD8+ Cytotoxic T
AACATATGCTTCCG-8,Dendritic
AACCCAGACTTCTA-8,Dendritic
AACTGTCTCTCCAC-8,CD19+ B
AAGCAAGATGTCCC-8,CD19+ B
AAGTGCACCATGGT-8,Dendritic
ACCGCGGACTACCC-8,CD8+/CD45RA+ Naive Cytotoxic
ACGTAGACATCGAC-8,CD14+ Monocyte
ACGTTGGAAACGAA-8,Dendritic
ACTAAAACCATTCT-8,CD8+ Cytotoxic T
ACTGGCCTCGAATC-8,Dendritic
ACTTCTGAATTCTC-8,CD4+/CD45RO+ Memory
AGCAAAGACCAAGT-8,CD19+ B
AGGGTGGACAGCTA-8,CD8+ Cytotoxic T
AGTACGTGTACGCA-8,CD56+ NK
AGTGACACCAGTTG-8,Dendritic
ATAAACACAATGCC-8,Dendritic
ATCACGGATAACGC-8,CD4+/CD25 T Reg
ATCCCGTGGGTATC-8,Dendritic
ATGGGTACGGTGAG-8,Dendritic
ATTCGGGAACTACG-8,CD19+ B
CAATAATGCCACAA-8,Dendritic
CAATCGGAGTTGAC-8,CD4+/CD25 T Reg
CACACCTGAGTACC-8,CD4+/CD25 T Reg
CACATGGATCCCAC-8,CD4+/CD25 T Reg
CACTGAGACGAACT-8,CD56+ NK
CAGATGACTTCGTT-8,Dendritic
CATGTACTCCTTGC-8,Dendritic
CATTGACTGAGGAC-8,CD4+/CD45RA+/CD25- Naive T
CATTGGGAAAAGCA-8,Dendritic
CCCATCGAAGCCTA-8,Dendritic
CCCATCGACTTGTT-8,Dendritic
CCGGAGACTGCTTT-8,Dendritic
CGAGGAGAGTCATG-8,Dendritic
CGCAAATGTGCTAG-8,CD14+ Monocyte
CGGACTCTTGGATC-8,Dendritic
CGGCCAGAGGCAAG-8,CD56+ NK
CGGCGAACAATCGC-8,CD19+ B
CGTTATACAGTACC-8,CD4+/CD45RO+ Memory
CTACAACTTGTTTC-8,CD4+/CD25 T Reg
CTCAGCTGGGCGAA-8,Dendritic
CTTAAGCTCGACTA-8,CD19+ B
CTTGAACTTGTGCA-8,CD14+ Monocyte
CTTTGATGTGTCAG-8,CD56+ NK
GAACAGCTTGCCAA-8,CD4+/CD45RO+ Memory
GAACCAACTTCGGA-8,CD14+ Monocyte
GAATGCACGGTTAC-8,Dendritic
GAGGGTGAGACACT-8,CD4+/CD45RO+ Memory
GATCTACTAGCCAT-8,CD19+ B
GCAATTCTAACGAA-8,CD4+/CD25 T Reg
GCACGTCTGCAAGG-8,Dendritic
GCAGGGCTGTATGC-8,CD8+/CD45RA+ Naive Cytotoxic
GCCGACGATGCTTT-8,Dendritic
GCGAAGGAAAGAAC-8,CD34+
GCTGATGATTTACC-8,CD14+ Monocyte
GGAAGGTGACGCAT-8,CD8+ Cytotoxic T
GGACGCTGCACACA-8,Dendritic
GGCTAAACCTGGAT-8,CD14+ Monocyte
GGGATGGATTCCAT-8,CD8+ Cytotoxic T
GGTATCGATAAGGA-8,CD14+ Monocyte
GGTATGACGAATCC-8,CD19+ B
GTAGCCCTACGACT-8,CD4+/CD45RA+/CD25- Naive T
GTAGCTGAGGAACG-8,CD19+ B
GTAGTGTGTCAAGC-8,CD4+/CD25 T Reg
GTCACCTGTGGGAG-8,CD34+
GTCCAGCTGAACCT-8,Dendritic
GTGGTAACACCCAA-8,CD19+ B
GTTATAGACTCCAC-8,CD14+ Monocyte
TAACTAGATATGGC-8,CD14+ Monocyte
TAACTCACTGGAGG-8,CD4+/CD25 T Reg
TAAGAACTTCCCAC-8,CD19+ B
TACATCACGCGATT-8,Dendritic
TACGAGACCCGATA-8,CD19+ B
TACGCAGATGGTTG-8,CD56+ NK
TACTCCCTGTACGT-8,CD4+/CD25 T Reg
TACTTTCTAGAGAT-8,CD14+ Monocyte
TAGCCCACTTTCTG-8,Dendritic
TAGCCCTGGAGGAC-8,CD8+ Cytotoxic T
TAGTTAGAAACAGA-8,CD19+ B
TATAGCCTTTCAGG-8,CD8+/CD45RA+ Naive Cytotoxic
TCAATCACCCTTCG-8,CD19+ B
TCTGATACGGTCTA-8,Dendritic
TGACGCCTCTCAGA-8,Dendritic
TGACTTACGGTCTA-8,CD19+ B
TGCACAGATGCATG-8,Dendritic
TGGAGACTAGTAGA-8,CD14+ Monocyte
TGGCACCTCCAACA-8,Dendritic
TGTGAGTGCTTTAC-8,Dendritic
TGTTACTGGCGATT-8,CD4+/CD25 T Reg
TTCAGTACCGGGAA-8,CD19+ B
TTGAGGTGGAGAGC-8,Dendritic
